,사고번호,사고일시,요일,시군구,사고내용,사망자수,중상자수,경상자수,부상신고자수,사고유형,법규위반,노면상태,기상상태,도로형태,가해운전자 차종,가해운전자 성별,가해운전자 연령,가해운전자 상해정도,피해운전자 차종,피해운전자 성별,피해운전자 연령,피해운전자 상해정도
113,2018020200100464,2018년 2월 2일 18시,금요일,강원도 속초시 교동,중상사고,0,1,0,0,차대사람 - 횡단중,보행자보호의무위반,포장 - 건조,맑음,교차로 - 교차로안,승용,여,44세,상해없음,보행자,남,39세,중상
114,2018020300100297,2018년 2월 3일 12시,토요일,강원도 춘천시 죽림동,경상사고,0,0,1,0,차대사람 - 기타,안전운전불이행,포장 - 건조,맑음,단일로 - 기타,기타불명,기타불명,미분류,기타불명,보행자,여,55세,경상
115,2018020300100626,2018년 2월 3일 20시,토요일,강원도 춘천시 후평동,경상사고,0,0,1,0,차대사람 - 길가장자리구역통행중,안전운전불이행,포장 - 건조,맑음,단일로 - 기타,승용,여,59세,상해없음,보행자,여,41세,경상
116,2018020300100703,2018년 2월 3일 22시,토요일,강원도 철원군 동송읍,중상사고,0,1,1,0,차대사람 - 횡단중,안전운전불이행,포장 - 건조,맑음,단일로 - 기타,승용,남,66세,상해없음,보행자,남,33세,중상
117,2018020400100063,2018년 2월 4일 03시,일요일,강원도 원주시 단계동,경상사고,0,0,1,0,차대사람 - 길가장자리구역통행중,안전운전불이행,포장 - 건조,맑음,단일로 - 기타,승용,남,61세,상해없음,보행자,남,23세,경상
118,2018020500100217,2018년 2월 5일 10시,월요일,강원도 횡성군 횡성읍,중상사고,0,1,0,0,차대사람 - 횡단중,안전운전불이행,포장 - 건조,맑음,단일로 - 기타,승용,여,51세,상해없음,보행자,남,81세,중상
119,2018020500100313,2018년 2월 5일 13시,월요일,강원도 철원군 동송읍,중상사고,0,1,0,0,차대사람 - 횡단중,안전운전불이행,포장 - 건조,맑음,교차로 - 교차로안,승용,여,47세,상해없음,보행자,여,80세,중상
120,2018020500100560,2018년 2월 5일 20시,월요일,강원도 동해시 천곡동,중상사고,0,1,0,0,차대사람 - 횡단중,안전운전불이행,포장 - 건조,맑음,교차로 - 교차로부근,승용,남,26세,상해없음,보행자,남,60세,중상
121,2018020600100267,2018년 2월 6일 12시,화요일,강원도 원주시 우산동,중상사고,0,1,0,0,차대사람 - 횡단중,안전운전불이행,포장 - 건조,맑음,교차로 - 교차로안,승용,남,48세,상해없음,보행자,여,83세,중상
122,2018020600100397,2018년 2월 6일 16시,화요일,강원도 춘천시 효자동,중상사고,0,1,0,0,차대사람 - 기타,보행자보호의무위반,포장 - 건조,맑음,단일로 - 기타,승용,여,72세,상해없음,보행자,여,47세,중상
123,2018020600100432,2018년 2월 6일 17시,화요일,강원도 동해시 발한동,중상사고,0,2,0,0,차대사람 - 횡단중,보행자보호의무위반,포장 - 건조,맑음,교차로 - 교차로부근,승용,남,71세,상해없음,보행자,여,59세,중상
124,2018020600100515,2018년 2월 6일 19시,화요일,강원도 삼척시 남양동,경상사고,0,0,1,0,차대사람 - 횡단중,안전운전불이행,포장 - 건조,맑음,단일로 - 기타,이륜,남,20세,상해없음,보행자,여,54세,경상
125,2018020600100552,2018년 2월 6일 20시,화요일,강원도 속초시 장사동,중상사고,0,1,0,0,차대사람 - 기타,안전운전불이행,포장 - 건조,맑음,주차장 - 주차장,화물,남,54세,상해없음,보행자,남,47세,중상
126,2018020700100248,2018년 2월 7일 11시,수요일,강원도 태백시 황지동,경상사고,0,0,1,0,차대사람 - 길가장자리구역통행중,안전운전불이행,포장 - 건조,맑음,단일로 - 기타,승용,여,44세,상해없음,보행자,남,51세,경상
127,2018020700100551,2018년 2월 7일 19시,수요일,강원도 원주시 단구동,경상사고,0,0,3,0,차대사람 - 횡단중,안전운전불이행,포장 - 건조,맑음,교차로 - 교차로안,승용,여,46세,기타불명,보행자,남,42세,경상
128,2018020700100552,2018년 2월 7일 19시,수요일,강원도 평창군 대관령면,중상사고,0,1,0,0,차대사람 - 기타,안전운전불이행,포장 - 건조,맑음,단일로 - 기타,승용,여,29세,상해없음,보행자,남,56세,중상
129,2018020800100406,2018년 2월 8일 15시,목요일,강원도 강릉시 옥천동,중상사고,0,1,0,0,차대사람 - 기타,보행자보호의무위반,포장 - 건조,맑음,교차로 - 교차로횡단보도내,승용,남,25세,상해없음,보행자,여,56세,중상
130,2018020800100452,2018년 2월 8일 16시,목요일,강원도 춘천시 죽림동,경상사고,0,0,1,0,차대사람 - 기타,안전운전불이행,포장 - 건조,맑음,단일로 - 기타,승용,남,67세,상해없음,보행자,남,49세,경상
131,2018020800100586,2018년 2월 8일 19시,목요일,강원도 삼척시 교동,중상사고,0,1,0,0,차대사람 - 기타,보행자보호의무위반,포장 - 건조,맑음,교차로 - 교차로횡단보도내,승용,남,58세,상해없음,보행자,여,22세,중상
132,2018020900100170,2018년 2월 9일 09시,금요일,강원도 삼척시 도계읍,중상사고,0,1,0,0,차대사람 - 길가장자리구역통행중,안전운전불이행,포장 - 건조,맑음,단일로 - 기타,승용,남,56세,상해없음,보행자,여,75세,중상
133,2018020900100249,2018년 2월 9일 11시,금요일,강원도 속초시 교동,경상사고,0,0,1,0,차대사람 - 횡단중,보행자보호의무위반,포장 - 건조,맑음,교차로 - 교차로안,화물,남,76세,상해없음,보행자,남,69세,경상
134,2018020900100461,2018년 2월 9일 17시,금요일,강원도 춘천시 후평동,경상사고,0,0,1,0,차대사람 - 길가장자리구역통행중,안전운전불이행,포장 - 건조,맑음,단일로 - 기타,승용,여,62세,상해없음,보행자,남,16세,경상
135,2018020900100580,2018년 2월 9일 19시,금요일,강원도 원주시 명륜동,경상사고,0,0,1,0,차대사람 - 길가장자리구역통행중,보행자보호의무위반,포장 - 건조,맑음,교차로 - 교차로안,화물,남,61세,상해없음,보행자,남,17세,경상
136,2018020900100630,2018년 2월 9일 20시,금요일,강원도 원주시 원동,중상사고,0,1,0,0,차대사람 - 길가장자리구역통행중,보행자보호의무위반,포장 - 건조,맑음,교차로 - 교차로안,승용,남,65세,상해없음,보행자,남,58세,중상
137,2018021000100080,2018년 2월 10일 03시,토요일,강원도 원주시 단계동,중상사고,0,1,0,0,차대사람 - 횡단중,보행자보호의무위반,포장 - 건조,맑음,교차로 - 교차로횡단보도내,승용,남,68세,상해없음,보행자,남,59세,중상
138,2018021000100303,2018년 2월 10일 14시,토요일,강원도 홍천군 홍천읍,중상사고,0,1,0,0,차대사람 - 횡단중,안전운전불이행,포장 - 건조,맑음,교차로 - 교차로안,화물,남,52세,상해없음,보행자,남,53세,중상
139,2018021000100338,2018년 2월 10일 15시,토요일,강원도 춘천시 동면,경상사고,0,0,1,0,차대사람 - 차도통행중,안전운전불이행,포장 - 건조,맑음,단일로 - 기타,승합,남,55세,상해없음,보행자,남,6세,경상
140,2018021100100059,2018년 2월 11일 03시,일요일,강원도 속초시 교동,경상사고,0,0,2,0,차대사람 - 기타,안전운전불이행,포장 - 건조,맑음,단일로 - 기타,승용,남,37세,상해없음,보행자,남,25세,경상
141,2018021100100202,2018년 2월 11일 13시,일요일,강원도 춘천시 퇴계동,경상사고,0,0,1,0,차대사람 - 횡단중,안전운전불이행,포장 - 건조,맑음,단일로 - 기타,기타불명,기타불명,미분류,기타불명,보행자,남,10세,경상
142,2018021100100275,2018년 2월 11일 16시,일요일,강원도 원주시 무실동,부상신고사고,0,0,0,1,차대사람 - 기타,보행자보호의무위반,포장 - 건조,맑음,교차로 - 교차로안,기타불명,기타불명,미분류,기타불명,보행자,여,24세,부상신고
143,2018021200100267,2018년 2월 12일 12시,월요일,강원도 춘천시 퇴계동,중상사고,0,1,0,0,차대사람 - 횡단중,안전운전불이행,포장 - 건조,맑음,교차로 - 교차로부근,승용,여,37세,상해없음,보행자,여,76세,중상
144,2018021200100269,2018년 2월 12일 12시,월요일,강원도 홍천군 홍천읍,경상사고,0,0,1,0,차대사람 - 차도통행중,안전운전불이행,포장 - 건조,맑음,교차로 - 교차로안,승합,남,67세,상해없음,보행자,여,59세,경상
145,2018021200100394,2018년 2월 12일 15시,월요일,강원도 태백시 황지동,중상사고,0,1,0,0,차대사람 - 횡단중,안전운전불이행,포장 - 건조,맑음,교차로 - 교차로부근,승용,남,40세,상해없음,보행자,남,74세,중상
146,2018021200100395,2018년 2월 12일 15시,월요일,강원도 철원군 동송읍,경상사고,0,0,1,0,차대사람 - 횡단중,안전운전불이행,포장 - 건조,맑음,교차로 - 교차로부근,승용,남,56세,상해없음,보행자,여,66세,경상
147,2018021200100445,2018년 2월 12일 16시,월요일,강원도 강릉시 교동,중상사고,0,1,0,0,차대사람 - 길가장자리구역통행중,안전운전불이행,포장 - 건조,맑음,교차로 - 교차로안,승용,남,40세,상해없음,보행자,여,66세,중상
148,2018021200100651,2018년 2월 12일 20시,월요일,강원도 강릉시 옥천동,경상사고,0,0,1,0,차대사람 - 기타,안전운전불이행,포장 - 건조,맑음,교차로 - 교차로횡단보도내,승용,여,38세,상해없음,보행자,남,46세,경상
149,2018021200100652,2018년 2월 12일 20시,월요일,강원도 원주시 평원동,중상사고,0,1,0,0,차대사람 - 기타,안전운전불이행,포장 - 건조,맑음,단일로 - 기타,승합,남,64세,상해없음,보행자,남,67세,중상
150,2018021200100653,2018년 2월 12일 20시,월요일,강원도 원주시 학성동,중상사고,0,1,0,0,차대사람 - 횡단중,보행자보호의무위반,포장 - 건조,맑음,교차로 - 교차로횡단보도내,승용,여,34세,상해없음,보행자,남,48세,중상
151,2018021200100654,2018년 2월 12일 20시,월요일,강원도 평창군 봉평면,경상사고,0,0,1,0,차대사람 - 길가장자리구역통행중,안전운전불이행,포장 - 기타,맑음,기타 - 기타,승합,남,52세,상해없음,보행자,남,71세,상해없음
152,2018021300100805,2018년 2월 13일 23시,화요일,강원도 춘천시 효자동,경상사고,0,0,1,0,차대사람 - 차도통행중,안전운전불이행,포장 - 건조,맑음,단일로 - 기타,승용,남,24세,상해없음,보행자,남,19세,경상
153,2018021300100806,2018년 2월 13일 23시,화요일,강원도 평창군 대관령면,경상사고,0,0,1,0,차대사람 - 기타,안전운전불이행,포장 - 건조,맑음,단일로 - 기타,승용,남,43세,상해없음,보행자,남,40세,경상
154,2018021400100428,2018년 2월 14일 16시,수요일,강원도 강릉시 교동,경상사고,0,0,1,0,차대사람 - 횡단중,보행자보호의무위반,포장 - 건조,맑음,단일로 - 기타,승용,남,58세,상해없음,보행자,여,40세,경상
155,2018021400100429,2018년 2월 14일 16시,수요일,강원도 원주시 단계동,경상사고,0,0,1,0,차대사람 - 횡단중,보행자보호의무위반,포장 - 건조,맑음,단일로 - 기타,승용,여,28세,상해없음,보행자,여,34세,경상
156,2018021400100565,2018년 2월 14일 19시,수요일,강원도 춘천시 운교동,경상사고,0,0,1,0,차대사람 - 기타,안전운전불이행,포장 - 건조,맑음,단일로 - 기타,승용,여,48세,상해없음,보행자,남,48세,경상
157,2018021500100129,2018년 2월 15일 08시,목요일,강원도 평창군 평창읍,중상사고,0,1,0,0,차대사람 - 기타,안전운전불이행,포장 - 기타,맑음,단일로 - 기타,승용,여,49세,상해없음,보행자,여,77세,중상
158,2018021500100130,2018년 2월 15일 08시,목요일,강원도 횡성군 횡성읍,부상신고사고,0,0,0,1,차대사람 - 횡단중,보행자보호의무위반,포장 - 건조,맑음,단일로 - 기타,승용,남,61세,상해없음,보행자,여,63세,부상신고
159,2018021500100139,2018년 2월 15일 09시,목요일,강원도 홍천군 홍천읍,경상사고,0,0,1,0,차대사람 - 차도통행중,안전운전불이행,포장 - 건조,맑음,단일로 - 기타,승용,남,28세,상해없음,보행자,남,62세,경상
160,2018021500100273,2018년 2월 15일 15시,목요일,강원도 강릉시 교동,경상사고,0,0,1,0,차대사람 - 보도통행중,안전운전불이행,포장 - 건조,맑음,단일로 - 고가도로위,화물,남,59세,상해없음,보행자,남,21세,경상
161,2018021500100291,2018년 2월 15일 16시,목요일,강원도 평창군 대관령면,경상사고,0,0,1,0,차대사람 - 횡단중,안전운전불이행,포장 - 건조,맑음,교차로 - 교차로안,승용,여,30세,상해없음,보행자,남,14세,경상
162,2018021500100329,2018년 2월 15일 18시,목요일,강원도 태백시 황지동,중상사고,0,1,0,0,차대사람 - 횡단중,안전운전불이행,포장 - 건조,맑음,단일로 - 기타,승용,여,54세,상해없음,보행자,남,69세,중상
163,2018021500100368,2018년 2월 15일 20시,목요일,강원도 삼척시 마달동,경상사고,0,0,1,0,차대사람 - 횡단중,안전운전불이행,포장 - 건조,맑음,단일로 - 기타,승용,남,25세,상해없음,보행자,남,66세,경상
164,2018021600100091,2018년 2월 16일 11시,금요일,강원도 평창군 대화면,경상사고,0,0,1,0,차대사람 - 횡단중,보행자보호의무위반,포장 - 건조,맑음,교차로 - 교차로안,승용,남,50세,상해없음,보행자,남,41세,경상
165,2018021700100065,2018년 2월 17일 06시,토요일,강원도 강릉시 포남동,중상사고,0,1,0,0,차대사람 - 기타,안전운전불이행,포장 - 건조,맑음,단일로 - 기타,승용,남,26세,상해없음,보행자,남,60세,중상
166,2018021700100245,2018년 2월 17일 18시,토요일,강원도 정선군 정선읍,경상사고,0,0,1,0,차대사람 - 길가장자리구역통행중,안전운전불이행,포장 - 건조,맑음,단일로 - 기타,승용,남,59세,상해없음,보행자,남,52세,경상
167,2018021700100310,2018년 2월 17일 20시,토요일,강원도 동해시 천곡동,경상사고,0,0,1,0,차대사람 - 횡단중,안전운전불이행,포장 - 건조,맑음,교차로 - 교차로안,승용,남,42세,상해없음,보행자,남,50세,경상
168,2018021800100019,2018년 2월 18일 01시,일요일,강원도 원주시 단구동,경상사고,0,0,1,0,차대사람 - 횡단중,안전운전불이행,포장 - 건조,맑음,교차로 - 교차로안,승용,남,35세,상해없음,보행자,남,36세,경상
169,2018021800100257,2018년 2월 18일 19시,일요일,강원도 강릉시 포남동,중상사고,0,1,0,0,차대사람 - 기타,안전운전불이행,포장 - 건조,맑음,단일로 - 기타,승용,남,23세,상해없음,보행자,여,19세,중상
170,2018021900100067,2018년 2월 19일 07시,월요일,강원도 원주시 학성동,경상사고,0,0,1,0,차대사람 - 차도통행중,안전운전불이행,포장 - 건조,맑음,교차로 - 교차로안,화물,남,50세,상해없음,보행자,남,27세,경상
171,2018021900100126,2018년 2월 19일 10시,월요일,강원도 정선군 사북읍,부상신고사고,0,0,0,1,차대사람 - 기타,안전운전불이행,포장 - 건조,맑음,기타 - 기타,승용,남,26세,상해없음,보행자,남,43세,부상신고
172,2018022000100008,2018년 2월 20일 00시,화요일,강원도 원주시 단계동,중상사고,0,1,0,0,차대사람 - 횡단중,안전운전불이행,포장 - 건조,맑음,단일로 - 기타,승합,남,61세,상해없음,보행자,남,34세,중상
173,2018022000100062,2018년 2월 20일 05시,화요일,강원도 원주시 단계동,부상신고사고,0,0,0,1,차대사람 - 횡단중,안전운전불이행,포장 - 건조,맑음,단일로 - 기타,승용,남,64세,상해없음,보행자,남,78세,부상신고
174,2018022000100337,2018년 2월 20일 16시,화요일,강원도 원주시 봉산동,중상사고,0,1,1,0,차대사람 - 기타,안전운전불이행,포장 - 건조,맑음,교차로 - 교차로안,승용,여,43세,상해없음,보행자,남,9세,중상
175,2018022000100338,2018년 2월 20일 16시,화요일,강원도 철원군 동송읍,경상사고,0,0,1,0,차대사람 - 횡단중,안전운전불이행,포장 - 건조,맑음,단일로 - 기타,승용,남,41세,상해없음,보행자,남,69세,경상
176,2018022000100391,2018년 2월 20일 18시,화요일,강원도 동해시 발한동,경상사고,0,0,1,0,차대사람 - 횡단중,보행자보호의무위반,포장 - 건조,맑음,단일로 - 기타,승용,남,48세,상해없음,보행자,여,55세,경상
177,2018022000100413,2018년 2월 20일 19시,화요일,강원도 원주시 우산동,경상사고,0,0,1,0,차대사람 - 횡단중,보행자보호의무위반,포장 - 건조,맑음,교차로 - 교차로안,승용,여,55세,상해없음,보행자,여,47세,경상
178,2018022100100026,2018년 2월 21일 03시,수요일,강원도 원주시 단계동,부상신고사고,0,0,0,1,차대사람 - 횡단중,안전운전불이행,포장 - 건조,맑음,단일로 - 기타,기타불명,기타불명,미분류,기타불명,보행자,남,24세,부상신고
179,2018022100100084,2018년 2월 21일 08시,수요일,강원도 춘천시 약사동,경상사고,0,0,1,0,차대사람 - 기타,보행자보호의무위반,포장 - 건조,맑음,단일로 - 기타,승합,남,61세,상해없음,보행자,여,77세,경상
180,2018022100100149,2018년 2월 21일 11시,수요일,강원도 원주시 단계동,경상사고,0,0,1,0,차대사람 - 길가장자리구역통행중,안전운전불이행,포장 - 건조,맑음,단일로 - 기타,승용,남,37세,상해없음,보행자,남,29세,경상
181,2018022100100330,2018년 2월 21일 18시,수요일,강원도 춘천시 온의동,중상사고,0,1,0,0,차대사람 - 횡단중,보행자보호의무위반,포장 - 건조,맑음,단일로 - 기타,이륜,남,20세,상해없음,보행자,여,46세,중상
182,2018022200100241,2018년 2월 22일 12시,목요일,강원도 삼척시 성북동,중상사고,0,1,0,0,차대사람 - 횡단중,보행자보호의무위반,포장 - 건조,맑음,교차로 - 교차로부근,화물,남,27세,상해없음,보행자,남,10세,중상
183,2018022200100325,2018년 2월 22일 15시,목요일,강원도 강릉시 옥천동,경상사고,0,0,1,0,차대사람 - 기타,안전운전불이행,포장 - 건조,맑음,단일로 - 기타,승용,여,63세,상해없음,보행자,여,60세,경상
184,2018022200100442,2018년 2월 22일 19시,목요일,강원도 춘천시 효자동,경상사고,0,0,1,0,차대사람 - 횡단중,안전운전불이행,포장 - 건조,맑음,단일로 - 기타,승합,여,32세,상해없음,보행자,여,21세,경상
185,2018022200100444,2018년 2월 22일 19시,목요일,강원도 원주시 개운동,중상사고,0,1,0,0,차대사람 - 횡단중,안전운전불이행,포장 - 건조,맑음,단일로 - 기타,승용,남,31세,상해없음,보행자,여,57세,중상
186,2018022200100508,2018년 2월 22일 21시,목요일,강원도 태백시 황지동,경상사고,0,0,1,0,차대사람 - 차도통행중,안전운전불이행,포장 - 건조,맑음,단일로 - 기타,승용,남,28세,상해없음,보행자,여,53세,경상
187,2018022300100106,2018년 2월 23일 07시,금요일,강원도 인제군 서화면,중상사고,0,1,0,0,차대사람 - 기타,안전운전불이행,포장 - 적설,눈,단일로 - 기타,건설기계,남,49세,상해없음,보행자,여,67세,중상
188,2018022300100143,2018년 2월 23일 08시,금요일,강원도 춘천시 서면,중상사고,0,1,0,0,차대사람 - 기타,안전운전불이행,포장 - 적설,맑음,단일로 - 기타,화물,남,57세,상해없음,보행자,남,64세,중상
189,2018022300100144,2018년 2월 23일 08시,금요일,강원도 속초시 조양동,중상사고,0,1,0,0,차대사람 - 횡단중,보행자보호의무위반,포장 - 건조,맑음,교차로 - 교차로횡단보도내,승합,남,48세,상해없음,보행자,여,50세,중상
190,2018022300100377,2018년 2월 23일 16시,금요일,강원도 고성군 현내면,중상사고,0,1,0,0,차대사람 - 차도통행중,안전운전불이행,포장 - 건조,맑음,단일로 - 기타,승용,여,63세,상해없음,보행자,여,76세,중상
191,2018022300100518,2018년 2월 23일 20시,금요일,강원도 원주시 단계동,경상사고,0,0,1,0,차대사람 - 길가장자리구역통행중,안전운전불이행,포장 - 건조,맑음,단일로 - 기타,승용,남,27세,상해없음,보행자,남,40세,경상
192,2018022400100198,2018년 2월 24일 11시,토요일,강원도 원주시 중앙동,경상사고,0,0,1,0,차대사람 - 횡단중,보행자보호의무위반,포장 - 건조,맑음,단일로 - 기타,승용,여,37세,상해없음,보행자,여,50세,경상
193,2018022400100413,2018년 2월 24일 19시,토요일,강원도 원주시 단구동,경상사고,0,0,1,0,차대사람 - 횡단중,보행자보호의무위반,포장 - 건조,맑음,교차로 - 교차로횡단보도내,사륜오토바이(ATV),남,51세,상해없음,보행자,여,33세,경상
194,2018022400100440,2018년 2월 24일 20시,토요일,강원도 춘천시 효자동,경상사고,0,0,1,0,차대사람 - 횡단중,안전운전불이행,포장 - 건조,맑음,교차로 - 교차로안,승용,남,64세,상해없음,보행자,남,70세,경상
195,2018022500100176,2018년 2월 25일 13시,일요일,강원도 원주시 지정면,경상사고,0,0,1,0,차대사람 - 길가장자리구역통행중,안전운전불이행,포장 - 건조,맑음,단일로 - 기타,승용,여,61세,상해없음,보행자,남,60세,경상
196,2018022600100340,2018년 2월 26일 15시,월요일,강원도 태백시 황지동,중상사고,0,1,0,0,차대사람 - 횡단중,안전운전불이행,포장 - 건조,맑음,단일로 - 기타,승용,남,57세,상해없음,보행자,여,6세,중상
197,2018022600100507,2018년 2월 26일 20시,월요일,강원도 강릉시 옥천동,중상사고,0,1,0,0,차대사람 - 길가장자리구역통행중,안전운전불이행,포장 - 건조,맑음,단일로 - 기타,승용,여,40세,상해없음,보행자,남,59세,중상
198,2018022600100555,2018년 2월 26일 22시,월요일,강원도 속초시 교동,경상사고,0,0,1,0,차대사람 - 기타,안전운전불이행,포장 - 건조,맑음,단일로 - 기타,승용,남,47세,상해없음,보행자,남,55세,경상
199,2018022700100026,2018년 2월 27일 01시,화요일,강원도 원주시 단계동,경상사고,0,0,3,0,차대사람 - 길가장자리구역통행중,안전운전불이행,포장 - 건조,맑음,단일로 - 기타,승용,남,33세,상해없음,보행자,남,41세,경상
200,2018022700100048,2018년 2월 27일 05시,화요일,강원도 속초시 노학동,경상사고,0,0,1,0,차대사람 - 차도통행중,안전운전불이행,포장 - 건조,맑음,교차로 - 교차로부근,화물,남,59세,상해없음,보행자,여,81세,경상
201,2018022700100312,2018년 2월 27일 16시,화요일,강원도 춘천시 동내면,경상사고,0,0,1,0,차대사람 - 횡단중,안전운전불이행,포장 - 건조,맑음,교차로 - 교차로부근,승용,남,23세,상해없음,보행자,남,52세,경상
202,2018022700100367,2018년 2월 27일 18시,화요일,강원도 삼척시 교동,중상사고,0,1,0,0,차대사람 - 횡단중,보행자보호의무위반,포장 - 건조,맑음,단일로 - 기타,화물,남,76세,상해없음,보행자,남,24세,중상
203,2018022800100133,2018년 2월 28일 10시,수요일,강원도 영월군 남면,중상사고,0,1,0,0,차대사람 - 차도통행중,안전운전불이행,포장 - 건조,흐림,교차로 - 교차로부근,승용,남,50세,상해없음,보행자,여,86세,중상
204,2018022800100190,2018년 2월 28일 12시,수요일,강원도 강릉시 주문진읍,경상사고,0,0,1,0,차대사람 - 보도통행중,기타,포장 - 건조,맑음,단일로 - 기타,승용,남,74세,상해없음,보행자,여,30세,경상
205,2018022800100511,2018년 2월 28일 19시,수요일,강원도 원주시 무실동,경상사고,0,0,1,0,차대사람 - 기타,안전운전불이행,포장 - 젖음/습기,비,단일로 - 기타,승용,남,59세,상해없음,보행자,여,23세,경상
206,2018022800100575,2018년 2월 28일 20시,수요일,강원도 원주시 봉산동,경상사고,0,0,2,0,차대사람 - 횡단중,안전운전불이행,포장 - 건조,맑음,단일로 - 기타,승용,여,45세,상해없음,보행자,남,24세,경상
207,2018022800100636,2018년 2월 28일 21시,수요일,강원도 강릉시 교동,중상사고,0,1,0,0,차대사람 - 횡단중,안전운전불이행,포장 - 젖음/습기,비,교차로 - 교차로안,승용,남,37세,상해없음,보행자,남,48세,중상
208,2018022800100637,2018년 2월 28일 21시,수요일,강원도 원주시 일산동,경상사고,0,0,1,0,차대사람 - 횡단중,보행자보호의무위반,포장 - 젖음/습기,비,단일로 - 기타,승용,남,59세,상해없음,보행자,여,59세,경상
209,2018030100100322,2018년 3월 1일 16시,목요일,강원도 양양군 서면,경상사고,0,0,1,0,차대사람 - 기타,안전운전불이행,포장 - 적설,맑음,단일로 - 기타,승용,남,68세,상해없음,보행자,남,66세,경상
210,2018030200100089,2018년 3월 2일 08시,금요일,강원도 원주시 단계동,경상사고,0,0,1,0,차대사람 - 횡단중,보행자보호의무위반,포장 - 건조,맑음,단일로 - 기타,승용,남,55세,상해없음,보행자,여,14세,경상
211,2018030200100316,2018년 3월 2일 15시,금요일,강원도 삼척시 남양동,경상사고,0,0,1,0,차대사람 - 횡단중,안전운전불이행,포장 - 건조,맑음,단일로 - 기타,승용,남,59세,상해없음,보행자,남,79세,경상
212,2018030300100007,2018년 3월 3일 00시,토요일,강원도 원주시 우산동,경상사고,0,0,1,0,차대사람 - 길가장자리구역통행중,안전운전불이행,포장 - 건조,맑음,단일로 - 기타,승용,남,37세,상해없음,보행자,남,21세,경상
213,2018030300100127,2018년 3월 3일 10시,토요일,강원도 강릉시 옥천동,경상사고,0,0,1,0,차대사람 - 기타,안전운전불이행,포장 - 건조,맑음,단일로 - 기타,승용,남,77세,상해없음,보행자,여,25세,경상
214,2018030300100213,2018년 3월 3일 13시,토요일,강원도 춘천시 근화동,중상사고,0,1,1,0,차대사람 - 횡단중,안전운전불이행,포장 - 건조,맑음,교차로 - 교차로횡단보도내,승용,남,70세,상해없음,보행자,남,74세,중상
215,2018030300100300,2018년 3월 3일 16시,토요일,강원도 원주시 일산동,중상사고,0,1,1,0,차대사람 - 횡단중,보행자보호의무위반,포장 - 건조,맑음,교차로 - 교차로부근,승용,남,68세,상해없음,보행자,여,37세,경상
216,2018030300100394,2018년 3월 3일 19시,토요일,강원도 고성군 간성읍,부상신고사고,0,0,0,1,차대사람 - 차도통행중,안전운전불이행,포장 - 건조,맑음,기타 - 기타,기타불명,기타불명,미분류,기타불명,보행자,남,67세,부상신고
217,2018030400100264,2018년 3월 4일 17시,일요일,강원도 동해시 쇄운동,중상사고,0,1,0,0,차대사람 - 기타,기타,포장 - 건조,맑음,단일로 - 기타,승용,남,54세,상해없음,보행자,남,73세,중상
218,2018030400100284,2018년 3월 4일 18시,일요일,강원도 강릉시 내곡동,사망사고,1,0,0,0,차대사람 - 횡단중,과속,포장 - 건조,흐림,단일로 - 기타,승용,남,38세,상해없음,보행자,남,62세,사망
219,2018030400100414,2018년 3월 4일 22시,일요일,강원도 강릉시 포남동,경상사고,0,0,2,0,차대사람 - 횡단중,안전운전불이행,포장 - 젖음/습기,비,교차로 - 교차로부근,승용,남,64세,상해없음,보행자,여,21세,경상
220,2018030500100262,2018년 3월 5일 13시,월요일,강원도 춘천시 소양로3가,중상사고,0,1,0,0,차대사람 - 횡단중,불법유턴,포장 - 건조,맑음,단일로 - 기타,승용,남,48세,상해없음,보행자,남,60세,중상
221,2018030500100444,2018년 3월 5일 19시,월요일,강원도 인제군 북면,중상사고,0,1,0,0,차대사람 - 횡단중,과속,포장 - 건조,맑음,단일로 - 기타,승용,남,21세,상해없음,보행자,여,57세,중상
222,2018030500100489,2018년 3월 5일 21시,월요일,강원도 횡성군 횡성읍,중상사고,0,1,0,0,차대사람 - 보도통행중,보행자보호의무위반,포장 - 건조,맑음,교차로 - 교차로횡단보도내,승용,남,47세,상해없음,보행자,남,59세,중상
223,2018030500100536,2018년 3월 5일 23시,월요일,강원도 원주시 관설동,중상사고,0,1,0,0,차대사람 - 횡단중,안전운전불이행,포장 - 건조,흐림,교차로 - 교차로안,승용,여,45세,상해없음,보행자,여,63세,중상
224,2018030600100045,2018년 3월 6일 04시,화요일,강원도 동해시 부곡동,중상사고,0,1,0,0,차대사람 - 횡단중,안전운전불이행,포장 - 건조,맑음,교차로 - 교차로부근,승용,여,58세,상해없음,보행자,남,61세,중상