,사고번호,사고일시,요일,시군구,사고내용,사망자수,중상자수,경상자수,부상신고자수,사고유형,법규위반,노면상태,기상상태,도로형태,가해운전자 차종,가해운전자 성별,가해운전자 연령,가해운전자 상해정도,피해운전자 차종,피해운전자 성별,피해운전자 연령,피해운전자 상해정도
785,2018081500100071,2018년 8월 15일 05시,수요일,강원도 태백시 화전동,부상신고사고,0,0,0,1,차대사람 - 길가장자리구역통행중,안전운전불이행,포장 - 건조,맑음,단일로 - 기타,승용,남,60세,상해없음,보행자,남,38세,부상신고
786,2018081500100162,2018년 8월 15일 10시,수요일,강원도 삼척시 도계읍,경상사고,0,0,1,0,차대사람 - 기타,안전운전불이행,포장 - 건조,맑음,주차장 - 주차장,화물,남,47세,상해없음,보행자,여,78세,경상
787,2018081500100275,2018년 8월 15일 14시,수요일,강원도 원주시 태장동,부상신고사고,0,0,0,1,차대사람 - 차도통행중,안전운전불이행,포장 - 건조,맑음,단일로 - 기타,승합,남,62세,상해없음,보행자,남,3세,부상신고
788,2018081500100435,2018년 8월 15일 19시,수요일,강원도 홍천군 홍천읍,경상사고,0,0,1,0,차대사람 - 횡단중,안전운전불이행,포장 - 건조,맑음,교차로 - 교차로안,화물,여,61세,상해없음,보행자,남,51세,경상
789,2018081500100492,2018년 8월 15일 21시,수요일,강원도 속초시 교동,중상사고,0,1,0,0,차대사람 - 횡단중,안전운전불이행,포장 - 젖음/습기,비,교차로 - 교차로안,승용,남,50세,상해없음,보행자,여,47세,중상
790,2018081500100493,2018년 8월 15일 21시,수요일,강원도 속초시 금호동,경상사고,0,0,1,0,차대사람 - 횡단중,신호위반,포장 - 젖음/습기,비,교차로 - 교차로안,승용,남,81세,상해없음,보행자,남,56세,경상
791,2018081600100018,2018년 8월 16일 01시,목요일,강원도 강릉시 포남동,경상사고,0,0,1,0,차대사람 - 기타,안전운전불이행,포장 - 젖음/습기,흐림,단일로 - 기타,승합,남,32세,상해없음,보행자,여,35세,경상
792,2018081600100343,2018년 8월 16일 14시,목요일,강원도 원주시 명륜동,중상사고,0,1,0,0,차대사람 - 길가장자리구역통행중,안전운전불이행,포장 - 건조,맑음,기타 - 기타,화물,남,54세,상해없음,보행자,여,71세,중상
793,2018081600100465,2018년 8월 16일 17시,목요일,강원도 속초시 조양동,경상사고,0,0,1,0,차대사람 - 횡단중,안전운전불이행,포장 - 건조,맑음,교차로 - 교차로부근,승용,남,71세,상해없음,보행자,여,45세,경상
794,2018081600100467,2018년 8월 16일 17시,목요일,강원도 평창군 봉평면,부상신고사고,0,0,0,2,차대사람 - 차도통행중,안전운전불이행,포장 - 건조,맑음,단일로 - 기타,승용,여,77세,상해없음,보행자,남,24세,부상신고
795,2018081600100504,2018년 8월 16일 18시,목요일,강원도 춘천시 효자동,경상사고,0,0,1,0,차대사람 - 횡단중,보행자보호의무위반,포장 - 건조,맑음,단일로 - 기타,승용,여,33세,상해없음,보행자,남,55세,경상
796,2018081600100535,2018년 8월 16일 19시,목요일,강원도 춘천시 남산면,경상사고,0,0,1,0,차대사람 - 길가장자리구역통행중,안전운전불이행,포장 - 건조,맑음,단일로 - 기타,승용,남,58세,상해없음,보행자,남,18세,경상
797,2018081600100536,2018년 8월 16일 19시,목요일,강원도 동해시 천곡동,중상사고,0,1,0,0,차대사람 - 횡단중,신호위반,포장 - 건조,맑음,교차로 - 교차로부근,승용,남,62세,상해없음,보행자,남,73세,중상
798,2018081600100567,2018년 8월 16일 20시,목요일,강원도 강릉시 강동면,경상사고,0,0,1,0,차대사람 - 기타,안전운전불이행,포장 - 건조,맑음,단일로 - 기타,승용,남,55세,상해없음,보행자,여,75세,경상
799,2018081700100051,2018년 8월 17일 05시,금요일,강원도 강릉시 교동,중상사고,0,1,0,0,차대사람 - 횡단중,보행자보호의무위반,포장 - 건조,맑음,단일로 - 기타,승용,여,67세,상해없음,보행자,남,79세,중상
800,2018081700100133,2018년 8월 17일 08시,금요일,강원도 삼척시 도계읍,경상사고,0,0,1,0,차대사람 - 차도통행중,안전운전불이행,포장 - 건조,맑음,단일로 - 기타,승용,남,54세,상해없음,보행자,남,50세,경상
801,2018081700100211,2018년 8월 17일 10시,금요일,강원도 강릉시 성남동,중상사고,0,1,0,0,차대사람 - 보도통행중,안전운전불이행,포장 - 건조,맑음,단일로 - 기타,승용,여,30세,상해없음,보행자,여,71세,중상
802,2018081700100575,2018년 8월 17일 19시,금요일,강원도 고성군 간성읍,부상신고사고,0,0,0,1,차대사람 - 기타,안전운전불이행,포장 - 건조,맑음,주차장 - 주차장,승용,남,61세,상해없음,보행자,남,78세,부상신고
803,2018081800100167,2018년 8월 18일 09시,토요일,강원도 양양군 현북면,사망사고,1,0,0,0,차대사람 - 길가장자리구역통행중,안전운전불이행,포장 - 건조,맑음,기타 - 기타,승용,남,70세,상해없음,보행자,여,81세,사망
804,2018081800100194,2018년 8월 18일 10시,토요일,강원도 동해시 천곡동,경상사고,0,0,2,0,차대사람 - 보도통행중,신호위반,포장 - 건조,맑음,교차로 - 교차로횡단보도내,이륜,남,52세,상해없음,보행자,여,66세,경상
805,2018081800100418,2018년 8월 18일 16시,토요일,강원도 삼척시 남양동,중상사고,0,1,0,0,차대사람 - 횡단중,안전운전불이행,포장 - 건조,맑음,교차로 - 교차로안,화물,남,27세,상해없음,보행자,여,69세,중상
806,2018081800100481,2018년 8월 18일 18시,토요일,강원도 강릉시 임당동,경상사고,0,0,1,0,차대사람 - 기타,기타,포장 - 건조,맑음,단일로 - 기타,승용,남,52세,상해없음,보행자,여,63세,경상
807,2018081800100519,2018년 8월 18일 19시,토요일,강원도 강릉시 노암동,중상사고,0,1,0,0,차대사람 - 기타,안전운전불이행,포장 - 건조,맑음,교차로 - 교차로횡단보도내,승용,남,47세,상해없음,보행자,여,68세,중상
808,2018081800100631,2018년 8월 18일 23시,토요일,강원도 춘천시 사북면,경상사고,0,0,1,0,차대사람 - 차도통행중,보행자보호의무위반,포장 - 건조,맑음,단일로 - 기타,승용,남,32세,상해없음,보행자,남,36세,경상
809,2018081900100196,2018년 8월 19일 12시,일요일,강원도 평창군 진부면,중상사고,0,1,0,0,차대사람 - 길가장자리구역통행중,안전운전불이행,포장 - 건조,맑음,단일로 - 기타,승용,여,53세,상해없음,보행자,여,60세,중상
810,2018082000100294,2018년 8월 20일 13시,월요일,강원도 춘천시 송암동,경상사고,0,0,1,0,차대사람 - 기타,안전운전불이행,포장 - 건조,맑음,단일로 - 기타,승합,남,62세,상해없음,보행자,남,54세,경상
811,2018082000100523,2018년 8월 20일 20시,월요일,강원도 춘천시 퇴계동,경상사고,0,0,1,0,차대사람 - 기타,안전운전불이행,포장 - 건조,맑음,기타 - 기타,승용,여,32세,상해없음,보행자,여,79세,경상
812,2018082100100009,2018년 8월 21일 00시,화요일,강원도 춘천시 퇴계동,중상사고,0,1,0,0,차대사람 - 기타,안전운전불이행,포장 - 건조,맑음,주차장 - 주차장,승용,남,47세,상해없음,보행자,남,43세,중상
813,2018082100100127,2018년 8월 21일 08시,화요일,강원도 원주시 우산동,경상사고,0,0,1,0,차대사람 - 길가장자리구역통행중,안전운전불이행,포장 - 건조,맑음,교차로 - 교차로안,승용,남,27세,상해없음,보행자,여,70세,경상
814,2018082100100128,2018년 8월 21일 08시,화요일,강원도 속초시 교동,경상사고,0,0,1,0,차대사람 - 차도통행중,안전운전불이행,포장 - 건조,맑음,단일로 - 지하차도(도로)내,승용,여,45세,상해없음,보행자,남,51세,경상
815,2018082100100670,2018년 8월 21일 23시,화요일,강원도 태백시 통동,경상사고,0,0,1,0,차대사람 - 길가장자리구역통행중,안전운전불이행,포장 - 건조,맑음,단일로 - 기타,승용,남,36세,기타불명,보행자,남,64세,경상
816,2018082200100284,2018년 8월 22일 13시,수요일,강원도 춘천시 석사동,경상사고,0,0,1,0,차대사람 - 횡단중,보행자보호의무위반,포장 - 건조,맑음,교차로 - 교차로횡단보도내,승용,여,41세,상해없음,보행자,여,72세,경상
817,2018082200100286,2018년 8월 22일 13시,수요일,강원도 강릉시 사천면,중상사고,0,1,0,0,차대사람 - 기타,안전운전불이행,포장 - 건조,맑음,미분류 - 미분류,승용,여,51세,상해없음,보행자,남,59세,중상
818,2018082200100448,2018년 8월 22일 17시,수요일,강원도 속초시 교동,경상사고,0,0,1,0,차대사람 - 횡단중,안전운전불이행,포장 - 건조,맑음,교차로 - 교차로안,승용,남,40세,상해없음,보행자,남,5세,경상
819,2018082300100494,2018년 8월 23일 22시,목요일,강원도 원주시 단계동,경상사고,0,0,1,0,차대사람 - 차도통행중,안전운전불이행,포장 - 건조,맑음,단일로 - 기타,승용,남,68세,상해없음,보행자,여,16세,경상
820,2018082400100342,2018년 8월 24일 16시,금요일,강원도 원주시 반곡동,중상사고,0,1,0,0,차대사람 - 횡단중,신호위반,포장 - 젖음/습기,비,교차로 - 교차로횡단보도내,승용,남,45세,상해없음,보행자,남,43세,중상
821,2018082400100562,2018년 8월 24일 22시,금요일,강원도 속초시 조양동,중상사고,0,1,0,0,차대사람 - 횡단중,신호위반,포장 - 젖음/습기,비,교차로 - 교차로안,승용,남,42세,상해없음,보행자,여,17세,중상
822,2018082500100368,2018년 8월 25일 15시,토요일,강원도 원주시 태장동,경상사고,0,0,1,0,차대사람 - 길가장자리구역통행중,안전운전불이행,포장 - 건조,맑음,단일로 - 기타,승용,여,42세,상해없음,보행자,남,42세,경상
823,2018082500100482,2018년 8월 25일 19시,토요일,강원도 원주시 우산동,경상사고,0,0,1,0,차대사람 - 횡단중,안전운전불이행,포장 - 건조,맑음,교차로 - 교차로안,승용,여,40세,상해없음,보행자,남,79세,경상
824,2018082500100567,2018년 8월 25일 22시,토요일,강원도 강릉시 안현동,경상사고,0,0,1,0,차대사람 - 기타,안전운전불이행,포장 - 건조,맑음,단일로 - 기타,승용,남,21세,상해없음,보행자,남,16세,경상
825,2018082600100147,2018년 8월 26일 09시,일요일,강원도 춘천시 후평동,중상사고,0,1,0,0,차대사람 - 횡단중,안전운전불이행,포장 - 건조,맑음,교차로 - 교차로부근,승용,남,49세,상해없음,보행자,여,76세,중상
826,2018082600100178,2018년 8월 26일 11시,일요일,강원도 강릉시 옥천동,중상사고,0,1,0,0,차대사람 - 기타,보행자보호의무위반,포장 - 건조,맑음,교차로 - 교차로횡단보도내,승용,남,20세,상해없음,보행자,남,80세,중상
827,2018082600100338,2018년 8월 26일 17시,일요일,강원도 고성군 토성면,경상사고,0,0,1,0,차대사람 - 기타,안전운전불이행,포장 - 건조,맑음,기타 - 기타,승용,남,67세,상해없음,보행자,여,37세,경상
828,2018082600100402,2018년 8월 26일 19시,일요일,강원도 동해시 이도동,중상사고,0,1,0,0,차대사람 - 횡단중,안전운전불이행,포장 - 젖음/습기,비,교차로 - 교차로안,승합,남,58세,상해없음,보행자,여,24세,중상
829,2018082600100479,2018년 8월 26일 22시,일요일,강원도 원주시 단계동,경상사고,0,0,1,0,차대사람 - 길가장자리구역통행중,안전운전불이행,포장 - 젖음/습기,비,단일로 - 기타,승용,남,57세,상해없음,보행자,남,23세,경상
830,2018082700100261,2018년 8월 27일 11시,월요일,강원도 인제군 기린면,중상사고,0,1,0,0,차대사람 - 횡단중,안전운전불이행,포장 - 젖음/습기,흐림,단일로 - 기타,승용,남,56세,상해없음,보행자,여,76세,중상
831,2018082700100293,2018년 8월 27일 12시,월요일,강원도 고성군 토성면,경상사고,0,0,1,0,차대사람 - 길가장자리구역통행중,안전운전불이행,포장 - 건조,맑음,기타 - 기타,승용,남,34세,상해없음,보행자,여,77세,경상
832,2018082700100321,2018년 8월 27일 13시,월요일,강원도 횡성군 횡성읍,중상사고,0,1,0,0,차대사람 - 길가장자리구역통행중,중앙선침범,포장 - 젖음/습기,비,단일로 - 기타,화물,남,66세,상해없음,보행자,남,64세,중상
833,2018082700100534,2018년 8월 27일 19시,월요일,강원도 속초시 중앙동,중상사고,0,1,0,0,차대사람 - 차도통행중,안전운전불이행,포장 - 건조,맑음,단일로 - 기타,승용,남,24세,상해없음,보행자,여,57세,중상
834,2018082800100488,2018년 8월 28일 19시,화요일,강원도 강릉시 포남동,경상사고,0,0,1,0,차대사람 - 횡단중,안전운전불이행,포장 - 젖음/습기,비,단일로 - 기타,승용,남,32세,상해없음,보행자,남,56세,경상
835,2018082800100524,2018년 8월 28일 20시,화요일,강원도 삼척시 남양동,경상사고,0,0,1,0,차대사람 - 길가장자리구역통행중,안전운전불이행,포장 - 젖음/습기,비,단일로 - 기타,승용,남,27세,상해없음,보행자,남,44세,경상
836,2018082800100574,2018년 8월 28일 21시,화요일,강원도 강릉시 남문동,중상사고,0,1,0,0,차대사람 - 기타,안전운전불이행,포장 - 젖음/습기,비,단일로 - 기타,승용,남,69세,상해없음,보행자,남,56세,중상
837,2018082800100602,2018년 8월 28일 22시,화요일,강원도 강릉시 옥천동,경상사고,0,0,1,0,차대사람 - 횡단중,안전운전불이행,포장 - 젖음/습기,비,단일로 - 기타,승용,남,46세,상해없음,보행자,남,58세,경상
838,2018082800100634,2018년 8월 28일 23시,화요일,강원도 강릉시 교동,경상사고,0,0,1,0,차대사람 - 횡단중,보행자보호의무위반,포장 - 젖음/습기,비,교차로 - 교차로횡단보도내,승용,남,28세,상해없음,보행자,여,26세,경상
839,2018082900100007,2018년 8월 29일 00시,수요일,강원도 원주시 단계동,경상사고,0,0,1,0,차대사람 - 횡단중,안전운전불이행,포장 - 건조,맑음,단일로 - 기타,승용,남,57세,상해없음,보행자,남,40세,경상
840,2018082900100228,2018년 8월 29일 12시,수요일,강원도 춘천시 동내면,중상사고,0,1,0,0,차대사람 - 횡단중,안전운전불이행,포장 - 건조,맑음,교차로 - 교차로횡단보도내,승용,여,51세,상해없음,보행자,여,17세,중상
841,2018082900100290,2018년 8월 29일 14시,수요일,강원도 춘천시 죽림동,중상사고,0,1,0,0,차대사람 - 횡단중,신호위반,포장 - 건조,맑음,단일로 - 기타,화물,남,56세,상해없음,보행자,여,72세,중상
842,2018082900100291,2018년 8월 29일 14시,수요일,강원도 춘천시 약사동,경상사고,0,0,1,0,차대사람 - 기타,안전운전불이행,포장 - 젖음/습기,비,단일로 - 기타,기타불명,기타불명,미분류,기타불명,보행자,남,10세,경상
843,2018082900100387,2018년 8월 29일 17시,수요일,강원도 강릉시 입암동,경상사고,0,0,1,0,차대사람 - 횡단중,안전운전불이행,포장 - 젖음/습기,비,단일로 - 기타,승용,남,69세,상해없음,보행자,남,12세,경상
844,2018082900100524,2018년 8월 29일 20시,수요일,강원도 강릉시 교동,중상사고,0,3,0,0,차대사람 - 보도통행중,보행자보호의무위반,포장 - 건조,맑음,교차로 - 교차로횡단보도내,승용,여,52세,상해없음,보행자,남,25세,중상
845,2018083000100113,2018년 8월 30일 08시,목요일,강원도 강릉시 옥천동,중상사고,0,1,0,0,차대사람 - 기타,안전운전불이행,포장 - 건조,맑음,기타 - 기타,승합,남,58세,상해없음,보행자,여,60세,중상
846,2018083100100048,2018년 8월 31일 03시,금요일,강원도 춘천시 퇴계동,중상사고,0,1,0,0,차대사람 - 횡단중,보행자보호의무위반,포장 - 건조,맑음,교차로 - 교차로횡단보도내,승용,남,37세,상해없음,보행자,남,18세,중상
847,2018083100100156,2018년 8월 31일 09시,금요일,강원도 원주시 학성동,경상사고,0,0,1,0,차대사람 - 횡단중,보행자보호의무위반,포장 - 건조,맑음,단일로 - 기타,승합,남,73세,상해없음,보행자,여,90세 이상,경상
848,2018083100100157,2018년 8월 31일 09시,금요일,강원도 원주시 우산동,중상사고,0,1,0,0,차대사람 - 횡단중,보행자보호의무위반,포장 - 건조,맑음,단일로 - 기타,승용,여,61세,상해없음,보행자,여,81세,중상
849,2018083100100158,2018년 8월 31일 09시,금요일,강원도 속초시 교동,중상사고,0,1,0,0,차대사람 - 횡단중,보행자보호의무위반,포장 - 건조,맑음,교차로 - 교차로안,승용,여,53세,상해없음,보행자,여,65세,중상
850,2018083100100533,2018년 8월 31일 20시,금요일,강원도 영월군 북면,사망사고,1,0,0,0,차대사람 - 길가장자리구역통행중,안전운전불이행,포장 - 건조,맑음,단일로 - 지하차도(도로)내,화물,남,53세,상해없음,보행자,남,69세,사망
851,2018090100100220,2018년 9월 1일 11시,토요일,강원도 원주시 명륜동,중상사고,0,1,0,0,차대사람 - 길가장자리구역통행중,안전운전불이행,포장 - 건조,맑음,단일로 - 기타,승용,여,45세,상해없음,보행자,남,17세,중상
852,2018090100100356,2018년 9월 1일 15시,토요일,강원도 평창군 방림면,사망사고,1,0,0,0,차대사람 - 기타,안전운전불이행,포장 - 건조,맑음,단일로 - 기타,승용,남,57세,상해없음,보행자,남,67세,사망
853,2018090100100396,2018년 9월 1일 16시,토요일,강원도 춘천시 조양동,경상사고,0,0,1,0,차대사람 - 횡단중,보행자보호의무위반,포장 - 건조,맑음,교차로 - 교차로횡단보도내,기타불명,기타불명,미분류,기타불명,보행자,여,12세,경상
854,2018090100100535,2018년 9월 1일 20시,토요일,강원도 춘천시 근화동,중상사고,0,1,0,0,차대사람 - 횡단중,보행자보호의무위반,포장 - 건조,맑음,교차로 - 교차로횡단보도내,승용,여,53세,상해없음,보행자,남,17세,중상
855,2018090100100567,2018년 9월 1일 21시,토요일,강원도 원주시 학성동,중상사고,0,1,0,0,차대사람 - 횡단중,보행자보호의무위반,포장 - 건조,맑음,교차로 - 교차로횡단보도내,승용,남,47세,상해없음,보행자,남,70세,중상
856,2018090200100121,2018년 9월 2일 09시,일요일,강원도 원주시 부론면,중상사고,0,1,0,0,차대사람 - 횡단중,안전운전불이행,포장 - 건조,맑음,단일로 - 기타,이륜,남,49세,상해없음,보행자,남,61세,중상
857,2018090200100209,2018년 9월 2일 13시,일요일,강원도 속초시 조양동,중상사고,0,1,0,0,차대사람 - 횡단중,안전운전불이행,포장 - 건조,맑음,교차로 - 교차로횡단보도내,승용,여,57세,상해없음,보행자,남,14세,중상
858,2018090200100317,2018년 9월 2일 17시,일요일,강원도 동해시 발한동,중상사고,0,1,0,0,차대사람 - 횡단중,중앙선침범,포장 - 건조,맑음,단일로 - 기타,승용,여,42세,상해없음,보행자,여,69세,중상
859,2018090300100051,2018년 9월 3일 06시,월요일,강원도 춘천시 소양로4가,중상사고,0,1,0,0,차대사람 - 기타,안전운전불이행,포장 - 건조,맑음,단일로 - 기타,승용,여,60세,상해없음,보행자,여,55세,중상
860,2018090300100333,2018년 9월 3일 15시,월요일,강원도 강릉시 주문진읍,경상사고,0,0,1,0,차대사람 - 횡단중,안전운전불이행,포장 - 건조,맑음,교차로 - 교차로안,승용,남,69세,상해없음,보행자,여,24세,경상
861,2018090300100520,2018년 9월 3일 19시,월요일,강원도 춘천시 조양동,중상사고,0,1,0,0,차대사람 - 횡단중,보행자보호의무위반,포장 - 젖음/습기,비,교차로 - 교차로횡단보도내,이륜,남,64세,상해없음,보행자,여,60세,중상
862,2018090300100563,2018년 9월 3일 20시,월요일,강원도 춘천시 효자동,경상사고,0,0,1,0,차대사람 - 횡단중,보행자보호의무위반,포장 - 젖음/습기,비,단일로 - 기타,이륜,남,38세,상해없음,보행자,여,56세,경상
863,2018090300100564,2018년 9월 3일 20시,월요일,강원도 강릉시 교동,중상사고,0,1,0,0,차대사람 - 차도통행중,안전운전불이행,포장 - 젖음/습기,비,단일로 - 기타,화물,남,61세,상해없음,보행자,남,84세,중상
864,2018090400100048,2018년 9월 4일 03시,화요일,강원도 원주시 단구동,경상사고,0,0,1,0,차대사람 - 횡단중,안전운전불이행,포장 - 젖음/습기,비,교차로 - 교차로안,승용,남,28세,상해없음,보행자,남,87세,경상
865,2018090400100061,2018년 9월 4일 05시,화요일,강원도 강릉시 교동,중상사고,0,1,0,0,차대사람 - 횡단중,보행자보호의무위반,포장 - 젖음/습기,비,교차로 - 교차로횡단보도내,승용,남,60세,상해없음,보행자,남,79세,중상
866,2018090400100077,2018년 9월 4일 07시,화요일,강원도 춘천시 운교동,경상사고,0,0,1,0,차대사람 - 횡단중,안전운전불이행,포장 - 건조,맑음,단일로 - 기타,승용,남,64세,상해없음,보행자,여,22세,경상
867,2018090400100404,2018년 9월 4일 17시,화요일,강원도 춘천시 효자동,경상사고,0,0,1,0,차대사람 - 차도통행중,보행자보호의무위반,포장 - 건조,맑음,교차로 - 교차로안,이륜,남,58세,상해없음,보행자,여,20세,경상
868,2018090400100561,2018년 9월 4일 21시,화요일,강원도 철원군 서면,경상사고,0,0,1,0,차대사람 - 기타,안전운전불이행,포장 - 건조,맑음,단일로 - 기타,승용,남,52세,상해없음,보행자,여,56세,경상
869,2018090500100012,2018년 9월 5일 00시,수요일,강원도 원주시 우산동,경상사고,0,0,1,0,차대사람 - 길가장자리구역통행중,안전운전불이행,포장 - 건조,맑음,단일로 - 기타,이륜,남,19세,상해없음,보행자,여,22세,경상
870,2018090500100624,2018년 9월 5일 21시,수요일,강원도 횡성군 둔내면,경상사고,0,0,1,0,차대사람 - 횡단중,보행자보호의무위반,포장 - 건조,맑음,교차로 - 교차로부근,화물,남,57세,상해없음,보행자,남,49세,경상
871,2018090500100678,2018년 9월 5일 23시,수요일,강원도 강릉시 지변동,경상사고,0,0,1,0,차대사람 - 기타,안전운전불이행,포장 - 건조,맑음,단일로 - 기타,이륜,남,19세,상해없음,보행자,여,20세,경상
872,2018090600100185,2018년 9월 6일 11시,목요일,강원도 춘천시 효자동,경상사고,0,0,1,0,차대사람 - 횡단중,신호위반,포장 - 건조,맑음,교차로 - 교차로부근,승용,남,38세,상해없음,보행자,여,66세,경상
873,2018090600100186,2018년 9월 6일 11시,목요일,강원도 강릉시 성남동,중상사고,0,1,0,0,차대사람 - 횡단중,보행자보호의무위반,포장 - 건조,맑음,단일로 - 기타,승용,여,69세,상해없음,보행자,여,62세,중상
874,2018090600100400,2018년 9월 6일 18시,목요일,강원도 춘천시 죽림동,중상사고,0,1,0,0,차대사람 - 횡단중,안전운전불이행,포장 - 건조,맑음,단일로 - 기타,승용,남,60세,상해없음,보행자,남,57세,중상
875,2018090600100519,2018년 9월 6일 21시,목요일,강원도 원주시 명륜동,중상사고,0,1,0,0,차대사람 - 횡단중,기타,포장 - 건조,맑음,교차로 - 교차로안,승용,남,59세,상해없음,보행자,남,66세,중상
876,2018090600100550,2018년 9월 6일 22시,목요일,강원도 동해시 천곡동,중상사고,0,1,0,0,차대사람 - 횡단중,보행자보호의무위반,포장 - 건조,맑음,교차로 - 교차로부근,승용,여,59세,상해없음,보행자,남,65세,중상
877,2018090700100227,2018년 9월 7일 10시,금요일,강원도 동해시 발한동,중상사고,0,1,0,0,차대사람 - 횡단중,안전운전불이행,포장 - 건조,맑음,단일로 - 기타,승용,남,49세,상해없음,보행자,여,80세,중상
878,2018090700100357,2018년 9월 7일 14시,금요일,강원도 원주시 일산동,경상사고,0,0,1,0,차대사람 - 횡단중,보행자보호의무위반,포장 - 건조,맑음,단일로 - 기타,승용,남,35세,상해없음,보행자,남,8세,경상
879,2018090700100399,2018년 9월 7일 15시,금요일,강원도 원주시 학성동,경상사고,0,0,1,0,차대사람 - 횡단중,안전운전불이행,포장 - 건조,맑음,단일로 - 기타,화물,남,48세,상해없음,보행자,여,73세,경상
880,2018090700100525,2018년 9월 7일 18시,금요일,강원도 삼척시 남양동,중상사고,0,1,0,0,차대사람 - 횡단중,보행자보호의무위반,포장 - 건조,맑음,교차로 - 교차로안,승용,남,79세,상해없음,보행자,여,58세,중상
881,2018090800100010,2018년 9월 8일 00시,토요일,강원도 강릉시 옥계면,경상사고,0,0,1,0,차대사람 - 기타,안전운전불이행,포장 - 건조,맑음,단일로 - 기타,승용,여,52세,상해없음,보행자,남,58세,경상
882,2018090800100399,2018년 9월 8일 15시,토요일,강원도 춘천시 효자동,경상사고,0,0,1,0,차대사람 - 횡단중,보행자보호의무위반,포장 - 건조,맑음,교차로 - 교차로횡단보도내,승용,남,44세,상해없음,보행자,여,28세,경상
883,2018090800100435,2018년 9월 8일 16시,토요일,강원도 인제군 북면,경상사고,0,0,1,0,차대사람 - 기타,안전운전불이행,포장 - 건조,맑음,단일로 - 기타,화물,남,41세,상해없음,보행자,남,55세,경상
884,2018090800100474,2018년 9월 8일 17시,토요일,강원도 동해시 송정동,부상신고사고,0,0,0,1,차대사람 - 기타,기타,포장 - 건조,맑음,단일로 - 기타,승합,남,51세,상해없음,보행자,여,84세,부상신고
885,2018090800100515,2018년 9월 8일 18시,토요일,강원도 춘천시 후평동,중상사고,0,1,0,0,차대사람 - 횡단중,보행자보호의무위반,포장 - 건조,맑음,교차로 - 교차로횡단보도내,승용,남,54세,상해없음,보행자,남,6세,중상
886,2018090800100585,2018년 9월 8일 20시,토요일,강원도 원주시 태장동,경상사고,0,0,1,0,차대사람 - 길가장자리구역통행중,안전운전불이행,포장 - 건조,맑음,단일로 - 기타,승용,여,47세,상해없음,보행자,남,13세,경상
887,2018090800100637,2018년 9월 8일 22시,토요일,강원도 삼척시 하장면,중상사고,0,1,0,0,차대사람 - 횡단중,안전운전불이행,포장 - 건조,맑음,단일로 - 기타,승용,여,50세,상해없음,보행자,남,42세,중상
888,2018090900100075,2018년 9월 9일 05시,일요일,강원도 원주시 단계동,부상신고사고,0,0,0,1,차대사람 - 횡단중,안전운전불이행,포장 - 건조,맑음,단일로 - 기타,승용,남,39세,상해없음,보행자,남,30세,부상신고
889,2018090900100307,2018년 9월 9일 15시,일요일,강원도 원주시 단계동,중상사고,0,1,0,0,차대사람 - 횡단중,안전운전불이행,포장 - 건조,맑음,단일로 - 기타,승합,남,69세,상해없음,보행자,남,9세,중상
890,2018090900100371,2018년 9월 9일 17시,일요일,강원도 홍천군 서석면,중상사고,0,1,0,0,차대사람 - 기타,안전운전불이행,포장 - 건조,맑음,단일로 - 기타,승용,여,53세,상해없음,보행자,여,75세,중상
891,2018091000100012,2018년 9월 10일 00시,월요일,강원도 춘천시 효자동,경상사고,0,0,1,0,차대사람 - 기타,안전운전불이행,포장 - 건조,맑음,단일로 - 기타,승용,여,31세,상해없음,보행자,남,21세,경상
892,2018091000100081,2018년 9월 10일 07시,월요일,강원도 춘천시 후평동,중상사고,0,1,0,0,차대사람 - 횡단중,보행자보호의무위반,포장 - 건조,맑음,단일로 - 기타,승용,여,56세,상해없음,보행자,여,80세,중상
893,2018091000100562,2018년 9월 10일 18시,월요일,강원도 춘천시 교동,중상사고,0,1,0,0,차대사람 - 횡단중,보행자보호의무위반,포장 - 건조,맑음,단일로 - 기타,승용,남,38세,상해없음,보행자,여,21세,중상
894,2018091000100646,2018년 9월 10일 20시,월요일,강원도 춘천시 퇴계동,중상사고,0,1,0,0,차대사람 - 횡단중,안전운전불이행,포장 - 건조,맑음,교차로 - 교차로안,승용,남,46세,상해없음,보행자,남,48세,중상
895,2018091100100403,2018년 9월 11일 17시,화요일,강원도 강릉시 주문진읍,경상사고,0,0,1,0,차대사람 - 기타,안전운전불이행,포장 - 건조,맑음,단일로 - 기타,승용,남,33세,상해없음,보행자,여,22세,경상
896,2018091200100660,2018년 9월 12일 20시,수요일,강원도 속초시 영랑동,중상사고,0,1,0,0,차대사람 - 횡단중,안전운전불이행,포장 - 건조,맑음,기타 - 기타,승용,여,33세,상해없음,보행자,여,75세,중상