,사고번호,사고일시,요일,시군구,사고내용,사망자수,중상자수,경상자수,부상신고자수,사고유형,법규위반,노면상태,기상상태,도로형태,가해운전자 차종,가해운전자 성별,가해운전자 연령,가해운전자 상해정도,피해운전자 차종,피해운전자 성별,피해운전자 연령,피해운전자 상해정도
897,2018091300100187,2018년 9월 13일 10시,목요일,강원도 속초시 금호동,경상사고,0,0,1,0,차대사람 - 횡단중,안전운전불이행,포장 - 건조,맑음,단일로 - 교량,승용,여,26세,상해없음,보행자,남,56세,경상
898,2018091300100220,2018년 9월 13일 11시,목요일,강원도 원주시 학성동,중상사고,0,1,0,0,차대사람 - 횡단중,안전운전불이행,포장 - 건조,맑음,교차로 - 교차로부근,승용,여,57세,상해없음,보행자,여,81세,중상
899,2018091300100388,2018년 9월 13일 16시,목요일,강원도 원주시 단계동,중상사고,0,1,0,0,차대사람 - 횡단중,안전운전불이행,포장 - 건조,맑음,교차로 - 교차로안,승용,남,63세,상해없음,보행자,여,80세,중상
900,2018091300100495,2018년 9월 13일 18시,목요일,강원도 원주시 중앙동,경상사고,0,0,1,0,차대사람 - 횡단중,보행자보호의무위반,포장 - 건조,맑음,교차로 - 교차로횡단보도내,승용,여,47세,상해없음,보행자,여,46세,경상
901,2018091300100497,2018년 9월 13일 18시,목요일,강원도 정선군 임계면,경상사고,0,0,1,0,차대사람 - 횡단중,안전운전불이행,포장 - 건조,맑음,교차로 - 교차로횡단보도내,화물,남,37세,상해없음,보행자,여,59세,경상
902,2018091300100664,2018년 9월 13일 22시,목요일,강원도 춘천시 교동,경상사고,0,0,1,0,차대사람 - 횡단중,보행자보호의무위반,포장 - 건조,맑음,교차로 - 교차로횡단보도내,승용,여,50세,상해없음,보행자,남,55세,경상
903,2018091400100189,2018년 9월 14일 09시,금요일,강원도 강릉시 옥천동,경상사고,0,0,1,0,차대사람 - 기타,안전운전불이행,포장 - 건조,맑음,기타 - 기타,승용,남,53세,상해없음,보행자,여,57세,경상
904,2018091400100561,2018년 9월 14일 19시,금요일,강원도 횡성군 둔내면,경상사고,0,0,1,0,차대사람 - 차도통행중,안전운전불이행,포장 - 건조,맑음,교차로 - 교차로안,승용,여,62세,상해없음,보행자,남,65세,경상
905,2018091400100664,2018년 9월 14일 21시,금요일,강원도 동해시 천곡동,경상사고,0,0,1,0,차대사람 - 횡단중,보행자보호의무위반,포장 - 젖음/습기,비,교차로 - 교차로횡단보도내,승용,여,49세,상해없음,보행자,남,50세,경상
906,2018091500100317,2018년 9월 15일 13시,토요일,강원도 홍천군 두촌면,중상사고,0,2,0,0,차대사람 - 길가장자리구역통행중,안전운전불이행,비포장 - 건조,맑음,주차장 - 주차장,승용,남,42세,상해없음,보행자,남,53세,중상
907,2018091500100351,2018년 9월 15일 14시,토요일,강원도 홍천군 홍천읍,중상사고,0,1,0,0,차대사람 - 기타,보행자보호의무위반,포장 - 건조,맑음,교차로 - 교차로횡단보도내,승용,여,35세,상해없음,보행자,여,6세,중상
908,2018091500100423,2018년 9월 15일 16시,토요일,강원도 영월군 남면,경상사고,0,0,1,0,차대사람 - 길가장자리구역통행중,기타,포장 - 젖음/습기,비,주차장 - 주차장,화물,남,57세,상해없음,보행자,여,54세,경상
909,2018091500100502,2018년 9월 15일 18시,토요일,강원도 속초시 장사동,중상사고,0,1,0,0,차대사람 - 횡단중,안전운전불이행,포장 - 건조,맑음,기타 - 기타,승용,여,36세,상해없음,보행자,남,7세,중상
910,2018091500100616,2018년 9월 15일 22시,토요일,강원도 원주시 봉산동,경상사고,0,0,1,0,차대사람 - 길가장자리구역통행중,기타,포장 - 건조,맑음,단일로 - 기타,이륜,남,46세,상해없음,보행자,남,47세,경상
911,2018091600100236,2018년 9월 16일 13시,일요일,강원도 속초시 청호동,경상사고,0,0,1,0,차대사람 - 횡단중,신호위반,포장 - 건조,흐림,교차로 - 교차로횡단보도내,승용,남,53세,상해없음,보행자,여,28세,경상
912,2018091600100470,2018년 9월 16일 20시,일요일,강원도 강릉시 교동,중상사고,0,1,0,0,차대사람 - 기타,안전운전불이행,포장 - 건조,맑음,단일로 - 기타,원동기,남,20세,상해없음,보행자,남,54세,중상
913,2018091600100489,2018년 9월 16일 21시,일요일,강원도 원주시 호저면,중상사고,0,1,0,0,차대사람 - 횡단중,안전운전불이행,포장 - 건조,맑음,단일로 - 기타,원동기,남,20세,상해없음,보행자,여,16세,중상
914,2018091700100119,2018년 9월 17일 08시,월요일,강원도 춘천시 효자동,중상사고,0,1,0,0,차대사람 - 횡단중,안전운전불이행,포장 - 건조,맑음,단일로 - 기타,승합,남,58세,상해없음,보행자,남,78세,중상
915,2018091700100160,2018년 9월 17일 09시,월요일,강원도 원주시 무실동,중상사고,0,1,0,0,차대사람 - 횡단중,보행자보호의무위반,포장 - 건조,맑음,교차로 - 교차로안,승용,여,39세,상해없음,보행자,여,44세,중상
916,2018091700100223,2018년 9월 17일 11시,월요일,강원도 동해시 효가동,중상사고,0,1,0,0,차대사람 - 길가장자리구역통행중,안전운전불이행,포장 - 건조,맑음,단일로 - 기타,승용,남,69세,상해없음,보행자,남,64세,중상
917,2018091700100490,2018년 9월 17일 18시,월요일,강원도 양양군 양양읍,사망사고,1,0,0,0,차대사람 - 길가장자리구역통행중,안전운전불이행,포장 - 건조,맑음,단일로 - 지하차도(도로)내,화물,남,81세,상해없음,보행자,여,89세,사망
918,2018091700100644,2018년 9월 17일 22시,월요일,강원도 강릉시 포남동,부상신고사고,0,0,0,1,차대사람 - 기타,안전운전불이행,포장 - 건조,맑음,단일로 - 기타,자전거,남,32세,상해없음,보행자,남,5세,부상신고
919,2018091800100572,2018년 9월 18일 19시,화요일,강원도 원주시 무실동,중상사고,0,1,0,0,차대사람 - 보도통행중,기타,포장 - 건조,맑음,단일로 - 기타,이륜,남,18세,상해없음,보행자,여,9세,중상
920,2018091800100649,2018년 9월 18일 21시,화요일,강원도 춘천시 우두동,부상신고사고,0,0,0,1,차대사람 - 횡단중,안전운전불이행,포장 - 건조,맑음,교차로 - 교차로부근,승용,여,20세,상해없음,보행자,남,43세,부상신고
921,2018091900100165,2018년 9월 19일 09시,수요일,강원도 원주시 개운동,경상사고,0,0,1,0,차대사람 - 횡단중,안전운전불이행,포장 - 건조,맑음,단일로 - 기타,승용,여,47세,상해없음,보행자,여,49세,경상
922,2018091900100328,2018년 9월 19일 14시,수요일,강원도 양양군 강현면,사망사고,1,0,0,0,차대사람 - 횡단중,안전운전불이행,포장 - 건조,맑음,기타 - 기타,화물,남,36세,상해없음,보행자,여,87세,사망
923,2018091900100543,2018년 9월 19일 19시,수요일,강원도 동해시 쇄운동,경상사고,0,0,2,0,차대사람 - 횡단중,안전운전불이행,포장 - 젖음/습기,비,교차로 - 교차로안,화물,남,76세,상해없음,보행자,남,18세,경상
924,2018091900100581,2018년 9월 19일 20시,수요일,강원도 고성군 토성면,사망사고,1,0,0,0,차대사람 - 차도통행중,안전운전불이행,포장 - 젖음/습기,흐림,기타 - 기타,승용,남,64세,상해없음,보행자,남,29세,사망
925,2018092000100080,2018년 9월 20일 06시,목요일,강원도 강릉시 입암동,중상사고,0,1,0,0,차대사람 - 횡단중,과속,포장 - 젖음/습기,비,단일로 - 기타,승용,여,20세,상해없음,보행자,남,73세,중상
926,2018092000100081,2018년 9월 20일 06시,목요일,강원도 원주시 관설동,중상사고,0,3,0,0,차대사람 - 보도통행중,안전운전불이행,포장 - 젖음/습기,비,단일로 - 기타,승용,남,34세,상해없음,보행자,여,62세,중상
927,2018092000100590,2018년 9월 20일 19시,목요일,강원도 원주시 우산동,경상사고,0,0,1,0,차대사람 - 횡단중,안전운전불이행,포장 - 건조,맑음,단일로 - 기타,승합,남,36세,상해없음,보행자,남,14세,경상
928,2018092100100198,2018년 9월 21일 09시,금요일,강원도 횡성군 횡성읍,중상사고,0,1,0,0,차대사람 - 차도통행중,안전운전불이행,포장 - 젖음/습기,비,교차로 - 교차로안,승용,여,47세,상해없음,보행자,여,73세,중상
929,2018092100100361,2018년 9월 21일 13시,금요일,강원도 원주시 태장동,중상사고,0,1,0,0,차대사람 - 길가장자리구역통행중,안전운전불이행,포장 - 젖음/습기,비,단일로 - 기타,화물,남,58세,상해없음,보행자,여,82세,중상
930,2018092100100564,2018년 9월 21일 17시,금요일,강원도 원주시 단구동,경상사고,0,0,1,0,차대사람 - 횡단중,보행자보호의무위반,포장 - 건조,맑음,교차로 - 교차로횡단보도내,승용,남,55세,상해없음,보행자,여,13세,경상
931,2018092100100619,2018년 9월 21일 18시,금요일,강원도 춘천시 효자동,경상사고,0,0,1,0,차대사람 - 횡단중,안전운전불이행,포장 - 건조,맑음,단일로 - 기타,승용,남,48세,상해없음,보행자,여,22세,경상
932,2018092100100620,2018년 9월 21일 18시,금요일,강원도 속초시 교동,경상사고,0,0,1,0,차대사람 - 횡단중,안전운전불이행,포장 - 건조,맑음,단일로 - 기타,화물,남,31세,상해없음,보행자,남,51세,경상
933,2018092100100676,2018년 9월 21일 19시,금요일,강원도 속초시 교동,경상사고,0,0,1,0,차대사람 - 횡단중,보행자보호의무위반,포장 - 건조,맑음,교차로 - 교차로안,승용,여,50세,상해없음,보행자,남,35세,경상
934,2018092100100732,2018년 9월 21일 20시,금요일,강원도 홍천군 홍천읍,경상사고,0,0,1,0,차대사람 - 기타,안전운전불이행,포장 - 건조,맑음,단일로 - 기타,화물,남,55세,상해없음,보행자,남,67세,경상
935,2018092100100847,2018년 9월 21일 23시,금요일,강원도 원주시 단계동,경상사고,0,0,2,0,차대사람 - 횡단중,안전운전불이행,포장 - 건조,맑음,교차로 - 교차로안,승용,여,58세,상해없음,보행자,여,21세,경상
936,2018092200100124,2018년 9월 22일 07시,토요일,강원도 동해시 발한동,경상사고,0,0,1,0,차대사람 - 횡단중,안전운전불이행,포장 - 건조,맑음,단일로 - 기타,승용,남,39세,상해없음,보행자,남,76세,경상
937,2018092200100226,2018년 9월 22일 11시,토요일,강원도 원주시 개운동,경상사고,0,0,1,0,차대사람 - 횡단중,보행자보호의무위반,포장 - 건조,맑음,교차로 - 교차로부근,승합,남,66세,상해없음,보행자,여,28세,경상
938,2018092200100227,2018년 9월 22일 11시,토요일,강원도 태백시 철암동,사망사고,1,0,0,0,차대사람 - 횡단중,과속,포장 - 건조,맑음,단일로 - 기타,승용,남,60세,상해없음,보행자,남,42세,사망
939,2018092200100501,2018년 9월 22일 17시,토요일,강원도 고성군 거진읍,경상사고,0,0,2,0,차대사람 - 보도통행중,안전운전불이행,포장 - 건조,맑음,기타 - 기타,승용,여,60세,경상,보행자,여,60세,경상
940,2018092200100691,2018년 9월 22일 22시,토요일,강원도 춘천시 퇴계동,중상사고,0,2,0,0,차대사람 - 횡단중,보행자보호의무위반,포장 - 건조,맑음,교차로 - 교차로횡단보도내,승용,여,45세,상해없음,보행자,남,41세,중상
941,2018092300100057,2018년 9월 23일 05시,일요일,강원도 양양군 강현면,중상사고,0,1,0,0,차대사람 - 길가장자리구역통행중,안전운전불이행,포장 - 건조,맑음,기타 - 기타,승용,여,60세,상해없음,보행자,여,58세,중상
942,2018092300100240,2018년 9월 23일 15시,일요일,강원도 강릉시 교동,경상사고,0,0,1,0,차대사람 - 기타,안전운전불이행,포장 - 기타,맑음,기타 - 기타,승용,남,58세,상해없음,보행자,여,36세,경상
943,2018092300100313,2018년 9월 23일 17시,일요일,강원도 강릉시 내곡동,중상사고,0,1,0,0,차대사람 - 횡단중,보행자보호의무위반,포장 - 건조,맑음,단일로 - 기타,이륜,남,22세,상해없음,보행자,남,65세,중상
944,2018092300100314,2018년 9월 23일 17시,일요일,강원도 고성군 토성면,중상사고,0,1,0,0,차대사람 - 횡단중,안전운전불이행,포장 - 건조,맑음,기타 - 기타,승합,남,59세,상해없음,보행자,남,74세,중상
945,2018092400100299,2018년 9월 24일 17시,월요일,강원도 원주시 학성동,경상사고,0,0,1,0,차대사람 - 길가장자리구역통행중,안전운전불이행,포장 - 건조,맑음,교차로 - 교차로횡단보도내,승합,남,33세,상해없음,보행자,남,57세,경상
946,2018092500100339,2018년 9월 25일 18시,화요일,강원도 강릉시 송정동,경상사고,0,0,1,0,차대사람 - 길가장자리구역통행중,안전운전불이행,포장 - 건조,맑음,단일로 - 기타,승용,남,61세,상해없음,보행자,여,63세,경상
947,2018092500100410,2018년 9월 25일 20시,화요일,강원도 춘천시 동산면,사망사고,1,0,1,0,차대사람 - 횡단중,안전운전불이행,포장 - 건조,맑음,단일로 - 기타,승용,남,44세,상해없음,보행자,남,63세,사망
948,2018092600100025,2018년 9월 26일 01시,수요일,강원도 평창군 대관령면,중상사고,0,1,0,0,차대사람 - 기타,안전운전불이행,포장 - 건조,맑음,단일로 - 기타,승용,남,45세,상해없음,보행자,남,48세,중상
949,2018092600100049,2018년 9월 26일 03시,수요일,강원도 춘천시 석사동,경상사고,0,0,1,0,차대사람 - 기타,안전운전불이행,포장 - 건조,맑음,단일로 - 기타,승용,남,39세,상해없음,보행자,남,53세,경상
950,2018092600100104,2018년 9월 26일 10시,수요일,강원도 인제군 인제읍,중상사고,0,1,0,0,차대사람 - 차도통행중,안전운전불이행,포장 - 건조,맑음,단일로 - 기타,기타불명,기타불명,미분류,기타불명,보행자,여,61세,중상
951,2018092600100295,2018년 9월 26일 17시,수요일,강원도 속초시 대포동,중상사고,0,1,0,0,차대사람 - 횡단중,안전운전불이행,포장 - 건조,맑음,교차로 - 교차로부근,승용,남,42세,상해없음,보행자,여,58세,중상
952,2018092700100060,2018년 9월 27일 07시,목요일,강원도 춘천시 우두동,경상사고,0,0,1,0,차대사람 - 기타,보행자보호의무위반,포장 - 건조,맑음,교차로 - 교차로부근,승합,남,47세,상해없음,보행자,남,36세,경상
953,2018092700100100,2018년 9월 27일 08시,목요일,강원도 춘천시 석사동,경상사고,0,0,1,0,차대사람 - 횡단중,보행자보호의무위반,포장 - 건조,맑음,교차로 - 교차로횡단보도내,승용,여,31세,상해없음,보행자,남,26세,경상
954,2018092700100101,2018년 9월 27일 08시,목요일,강원도 원주시 흥업면,중상사고,0,1,0,0,차대사람 - 횡단중,안전운전불이행,포장 - 건조,맑음,단일로 - 기타,승용,여,51세,상해없음,보행자,여,77세,중상
955,2018092700100143,2018년 9월 27일 09시,목요일,강원도 홍천군 홍천읍,중상사고,0,1,0,0,차대사람 - 횡단중,안전운전불이행,포장 - 건조,맑음,단일로 - 기타,승용,남,79세,상해없음,보행자,여,84세,중상
956,2018092700100628,2018년 9월 27일 22시,목요일,강원도 춘천시 후평동,중상사고,0,1,0,0,차대사람 - 보도통행중,기타,포장 - 건조,맑음,단일로 - 기타,승용,남,29세,상해없음,보행자,남,31세,중상
957,2018092800100370,2018년 9월 28일 17시,금요일,강원도 원주시 지정면,경상사고,0,0,1,0,차대사람 - 차도통행중,안전운전불이행,포장 - 건조,맑음,단일로 - 기타,승용,여,60세,상해없음,보행자,여,56세,경상
958,2018092800100410,2018년 9월 28일 18시,금요일,강원도 춘천시 동내면,중상사고,0,1,0,0,차대사람 - 횡단중,안전운전불이행,포장 - 건조,맑음,교차로 - 교차로안,화물,남,58세,상해없음,보행자,남,58세,중상
959,2018092800100478,2018년 9월 28일 20시,금요일,강원도 강릉시 저동,중상사고,0,1,0,0,차대사람 - 횡단중,보행자보호의무위반,포장 - 건조,맑음,단일로 - 기타,승용,남,28세,상해없음,보행자,남,73세,중상
960,2018092900100422,2018년 9월 29일 17시,토요일,강원도 영월군 한반도면,부상신고사고,0,0,0,1,차대사람 - 기타,안전운전불이행,포장 - 건조,맑음,단일로 - 기타,화물,남,55세,상해없음,보행자,여,70세,부상신고
961,2018092900100499,2018년 9월 29일 19시,토요일,강원도 강릉시 죽헌동,사망사고,1,0,0,0,차대사람 - 횡단중,안전운전불이행,포장 - 건조,맑음,단일로 - 기타,승용,남,28세,상해없음,보행자,남,66세,사망
962,2018092900100500,2018년 9월 29일 19시,토요일,강원도 원주시 단계동,중상사고,0,1,0,0,차대사람 - 횡단중,보행자보호의무위반,포장 - 건조,맑음,단일로 - 기타,승용,남,30세,상해없음,보행자,여,63세,중상
963,2018092900100564,2018년 9월 29일 21시,토요일,강원도 강릉시 주문진읍,중상사고,0,1,0,0,차대사람 - 횡단중,안전운전불이행,포장 - 건조,맑음,교차로 - 교차로부근,화물,남,76세,상해없음,보행자,남,88세,중상
964,2018093000100096,2018년 9월 30일 08시,일요일,강원도 강릉시 홍제동,경상사고,0,0,1,0,차대사람 - 기타,기타,포장 - 건조,맑음,단일로 - 기타,승용,남,42세,상해없음,보행자,여,83세,경상
965,2018100100100020,2018년 10월 1일 02시,월요일,강원도 동해시 평릉동,사망사고,1,0,0,0,차대사람 - 횡단중,안전운전불이행,포장 - 건조,맑음,교차로 - 교차로부근,승용,남,56세,상해없음,보행자,여,67세,사망
966,2018100100100432,2018년 10월 1일 17시,월요일,강원도 원주시 무실동,경상사고,0,0,1,0,차대사람 - 횡단중,보행자보호의무위반,포장 - 건조,맑음,교차로 - 교차로횡단보도내,승용,여,43세,상해없음,보행자,남,50세,경상
967,2018100100100478,2018년 10월 1일 18시,월요일,강원도 춘천시 후평동,경상사고,0,0,1,0,차대사람 - 길가장자리구역통행중,안전운전불이행,포장 - 건조,맑음,단일로 - 기타,승용,남,45세,상해없음,보행자,남,49세,경상
968,2018100100100479,2018년 10월 1일 18시,월요일,강원도 춘천시 효자동,경상사고,0,0,1,0,차대사람 - 기타,보행자보호의무위반,포장 - 젖음/습기,맑음,단일로 - 기타,화물,남,62세,상해없음,보행자,여,75세,경상
969,2018100100100481,2018년 10월 1일 18시,월요일,강원도 원주시 태장동,중상사고,0,1,0,0,차대사람 - 횡단중,안전운전불이행,포장 - 건조,맑음,단일로 - 기타,승용,남,60세,상해없음,보행자,여,71세,중상
970,2018100100100520,2018년 10월 1일 19시,월요일,강원도 강릉시 주문진읍,중상사고,0,2,0,0,차대사람 - 기타,안전운전불이행,포장 - 건조,맑음,단일로 - 기타,승용,남,46세,상해없음,보행자,남,60세,중상
971,2018100100100523,2018년 10월 1일 19시,월요일,강원도 원주시 판부면,중상사고,0,1,0,0,차대사람 - 차도통행중,안전운전불이행,포장 - 건조,맑음,단일로 - 기타,승용,여,59세,상해없음,보행자,남,69세,중상
972,2018100100100524,2018년 10월 1일 19시,월요일,강원도 횡성군 둔내면,사망사고,1,0,0,0,차대사람 - 횡단중,안전운전불이행,포장 - 건조,맑음,단일로 - 기타,승용,남,53세,상해없음,보행자,여,53세,사망
973,2018100200100110,2018년 10월 2일 08시,화요일,강원도 원주시 무실동,경상사고,0,0,1,0,차대사람 - 횡단중,신호위반,포장 - 건조,맑음,교차로 - 교차로안,승용,남,41세,상해없음,보행자,여,24세,경상
974,2018100200100155,2018년 10월 2일 09시,화요일,강원도 영월군 상동읍,중상사고,0,1,0,0,차대사람 - 길가장자리구역통행중,안전운전불이행,포장 - 건조,맑음,단일로 - 지하차도(도로)내,승용,남,69세,상해없음,보행자,여,56세,중상
975,2018100200100198,2018년 10월 2일 10시,화요일,강원도 춘천시 소양로2가,경상사고,0,0,1,0,차대사람 - 횡단중,보행자보호의무위반,포장 - 건조,맑음,단일로 - 기타,승용,여,28세,상해없음,보행자,남,48세,경상
976,2018100200100403,2018년 10월 2일 16시,화요일,강원도 원주시 학성동,중상사고,0,1,0,0,차대사람 - 횡단중,안전운전불이행,포장 - 건조,맑음,단일로 - 기타,이륜,남,22세,기타불명,보행자,남,79세,중상
977,2018100200100538,2018년 10월 2일 19시,화요일,강원도 원주시 우산동,중상사고,0,1,1,0,차대사람 - 길가장자리구역통행중,중앙선침범,포장 - 건조,맑음,단일로 - 기타,승용,남,56세,상해없음,보행자,여,60세,중상
978,2018100300100366,2018년 10월 3일 16시,수요일,강원도 원주시 우산동,중상사고,0,1,0,0,차대사람 - 길가장자리구역통행중,보행자보호의무위반,포장 - 건조,맑음,교차로 - 교차로부근,승용,여,36세,상해없음,보행자,여,57세,중상
979,2018100400100018,2018년 10월 4일 01시,목요일,강원도 원주시 봉산동,경상사고,0,0,1,0,차대사람 - 횡단중,보행자보호의무위반,포장 - 건조,맑음,단일로 - 기타,이륜,남,19세,상해없음,보행자,남,15세,경상
980,2018100400100219,2018년 10월 4일 10시,목요일,강원도 강릉시 임당동,경상사고,0,0,1,0,차대사람 - 기타,안전운전불이행,포장 - 건조,맑음,단일로 - 기타,화물,남,64세,상해없음,보행자,여,68세,경상
981,2018100400100386,2018년 10월 4일 15시,목요일,강원도 춘천시 후평동,경상사고,0,0,1,0,차대사람 - 횡단중,안전운전불이행,포장 - 건조,맑음,단일로 - 기타,승합,남,43세,상해없음,보행자,여,68세,경상
982,2018100400100387,2018년 10월 4일 15시,목요일,강원도 춘천시 동내면,경상사고,0,0,1,0,차대사람 - 횡단중,신호위반,포장 - 건조,맑음,단일로 - 기타,승용,여,39세,상해없음,보행자,여,12세,경상
983,2018100400100423,2018년 10월 4일 16시,목요일,강원도 춘천시 후평동,중상사고,0,1,0,0,차대사람 - 횡단중,안전운전불이행,포장 - 건조,맑음,교차로 - 교차로부근,승용,여,61세,상해없음,보행자,여,26세,중상
984,2018100500100246,2018년 10월 5일 11시,금요일,강원도 원주시 평원동,부상신고사고,0,0,0,1,차대사람 - 기타,안전운전불이행,포장 - 건조,맑음,단일로 - 기타,기타불명,기타불명,미분류,기타불명,보행자,남,72세,부상신고
985,2018100500100499,2018년 10월 5일 17시,금요일,강원도 춘천시 후평동,경상사고,0,0,1,0,차대사람 - 횡단중,안전운전불이행,포장 - 건조,맑음,교차로 - 교차로부근,화물,남,58세,상해없음,보행자,남,43세,경상
986,2018100500100501,2018년 10월 5일 17시,금요일,강원도 삼척시 남양동,경상사고,0,0,1,0,차대사람 - 횡단중,보행자보호의무위반,포장 - 젖음/습기,비,교차로 - 교차로횡단보도내,승용,남,66세,상해없음,보행자,남,74세,경상
987,2018100500100810,2018년 10월 5일 22시,금요일,강원도 춘천시 온의동,중상사고,0,1,0,0,차대사람 - 횡단중,안전운전불이행,포장 - 젖음/습기,비,단일로 - 기타,승합,남,47세,상해없음,보행자,여,64세,중상
988,2018100500100856,2018년 10월 5일 23시,금요일,강원도 원주시 개운동,중상사고,0,1,0,0,차대사람 - 횡단중,보행자보호의무위반,포장 - 젖음/습기,비,교차로 - 교차로횡단보도내,승용,남,51세,상해없음,보행자,여,62세,중상
989,2018100600100091,2018년 10월 6일 02시,토요일,강원도 원주시 단계동,경상사고,0,0,1,0,차대사람 - 차도통행중,안전운전불이행,포장 - 건조,맑음,단일로 - 기타,승용,여,49세,상해없음,보행자,남,34세,경상
990,2018100600100473,2018년 10월 6일 17시,토요일,강원도 원주시 관설동,중상사고,0,1,0,0,차대사람 - 횡단중,중앙선침범,포장 - 건조,맑음,단일로 - 기타,승용,여,43세,상해없음,보행자,여,46세,중상
991,2018100600100579,2018년 10월 6일 20시,토요일,강원도 평창군 평창읍,경상사고,0,0,1,0,차대사람 - 기타,안전운전불이행,포장 - 건조,맑음,단일로 - 기타,승용,남,51세,상해없음,보행자,남,59세,경상
992,2018100600100608,2018년 10월 6일 21시,토요일,강원도 춘천시 효자동,경상사고,0,0,1,0,차대사람 - 기타,기타,포장 - 건조,맑음,단일로 - 기타,승용,남,59세,상해없음,보행자,남,22세,경상
993,2018100700100167,2018년 10월 7일 10시,일요일,강원도 평창군 평창읍,중상사고,0,1,0,0,차대사람 - 차도통행중,교차로운행방법위반,포장 - 건조,맑음,교차로 - 교차로안,화물,남,61세,상해없음,보행자,여,80세,중상
994,2018100700100272,2018년 10월 7일 14시,일요일,강원도 고성군 토성면,경상사고,0,0,1,0,차대사람 - 기타,안전운전불이행,포장 - 건조,맑음,기타 - 기타,승용,남,50세,상해없음,보행자,여,10세,경상
995,2018100700100347,2018년 10월 7일 16시,일요일,강원도 강릉시 강문동,경상사고,0,0,1,0,차대사람 - 차도통행중,안전운전불이행,포장 - 건조,맑음,단일로 - 기타,기타불명,기타불명,미분류,기타불명,보행자,남,78세,경상
996,2018100700100390,2018년 10월 7일 17시,일요일,강원도 속초시 청호동,중상사고,0,1,0,0,차대사람 - 기타,안전운전불이행,포장 - 건조,맑음,단일로 - 기타,승용,남,27세,상해없음,보행자,여,88세,중상
997,2018100700100472,2018년 10월 7일 19시,일요일,강원도 원주시 문막읍,사망사고,1,0,0,0,차대사람 - 차도통행중,안전운전불이행,포장 - 건조,맑음,단일로 - 기타,승용,남,46세,상해없음,보행자,남,50세,사망
998,2018100700100530,2018년 10월 7일 21시,일요일,강원도 강릉시 옥천동,중상사고,0,1,0,0,차대사람 - 기타,안전운전불이행,포장 - 건조,맑음,교차로 - 교차로안,승용,남,57세,상해없음,보행자,남,53세,중상
999,2018100800100132,2018년 10월 8일 09시,월요일,강원도 춘천시 효자동,경상사고,0,0,1,0,차대사람 - 횡단중,보행자보호의무위반,포장 - 건조,맑음,교차로 - 교차로횡단보도내,승용,남,70세,상해없음,보행자,여,61세,경상
1000,2018100800100255,2018년 10월 8일 12시,월요일,강원도 동해시 천곡동,경상사고,0,0,1,0,차대사람 - 보도통행중,기타,포장 - 건조,맑음,기타 - 기타,특수,남,56세,상해없음,보행자,남,65세,경상
1001,2018100800100359,2018년 10월 8일 15시,월요일,강원도 강릉시 옥천동,경상사고,0,0,1,0,차대사람 - 기타,안전운전불이행,포장 - 건조,맑음,단일로 - 기타,화물,남,56세,상해없음,보행자,여,58세,경상
1002,2018100800100405,2018년 10월 8일 16시,월요일,강원도 속초시 금호동,중상사고,0,1,0,0,차대사람 - 차도통행중,안전운전불이행,포장 - 건조,맑음,단일로 - 지하차도(도로)내,승용,여,49세,상해없음,보행자,여,63세,중상
1003,2018100800100406,2018년 10월 8일 16시,월요일,강원도 태백시 소도동,경상사고,0,0,1,0,차대사람 - 차도통행중,안전운전불이행,포장 - 건조,맑음,단일로 - 기타,화물,남,48세,상해없음,보행자,남,81세,경상
1004,2018100800100451,2018년 10월 8일 17시,월요일,강원도 원주시 흥업면,부상신고사고,0,0,0,1,차대사람 - 횡단중,안전운전불이행,포장 - 건조,맑음,단일로 - 기타,기타불명,기타불명,미분류,기타불명,보행자,남,7세,부상신고
1005,2018100800100501,2018년 10월 8일 18시,월요일,강원도 정선군 정선읍,사망사고,1,0,0,0,차대사람 - 횡단중,안전운전불이행,포장 - 건조,맑음,교차로 - 교차로부근,화물,남,41세,상해없음,보행자,남,67세,사망
1006,2018100800100546,2018년 10월 8일 19시,월요일,강원도 정선군 고한읍,사망사고,1,0,0,0,차대사람 - 차도통행중,안전운전불이행,포장 - 건조,맑음,단일로 - 기타,승용,남,35세,상해없음,보행자,여,74세,사망
1007,2018100900100141,2018년 10월 9일 09시,화요일,강원도 속초시 교동,경상사고,0,0,1,0,차대사람 - 차도통행중,안전운전불이행,비포장 - 건조,맑음,기타 - 기타,승용,남,76세,상해없음,보행자,남,63세,경상